metric,mean,std
discriminative,0.3280821919441223,0.08300538028180879
predictive,0.06235581636428833,5.611562090783031e-05
