metric,mean,std
discriminative,0.07155589461326599,0.01927202650743488
predictive,0.02471423503011465,0.0027824733898011954
