metric,mean,std
discriminative,0.24535714983940124,0.017860718331699898
predictive,0.027993196994066237,0.00024218811724078474
